year,Reporting Entity,Facility Name,State,Electricity production (GJ),Electricity Production (Mwh),scope 1,scope 2,Total emissions (t CO2-e),numbers,Power Per unit,Capacity
2012,ACCIONA ENERGY OCEANIA PTY LTD,Gunning Wind Farm,,"595,404",,30,297,327,31,1.5,46.5
2012,ACCIONA ENERGY OCEANIA PTY LTD,Waubra Wind Farm,,"2,405,976",,94,"1,095","1,189",128,1.5,192
2012,AGL ENERGY LIMITED,Hallett (Stage 1) Wind Farm,,"1,194,036",,83,234,317,45,2.1,95
2012,AGL ENERGY LIMITED,Hallett (Stage 2) Wind Farm,,"922,419",,46,179,225,34,2.1,71
2012,AGL ENERGY LIMITED,Hallett (Stage 4) Wind Farm,,"1,532,308",,112,349,461,63,2.1,132
2012,AGL ENERGY LIMITED,Hallett (Stage 5) Wind Farm,,"540,866",,53,198,251,25,2.1,52.5
2012,AGL ENERGY LIMITED,Macarthur Wind Farm,,"2,079,451",,"1,866","2,122","3,988",140,3,420
2012,AGL ENERGY LIMITED,Oaklands Hill Wind Farm,,"539,084",,74,622,696,32,2.1,67.2
2012,AGL ENERGY LIMITED,Wattle Point Wind Farm,,"860,778",,66,221,287,55,1.65,91
2012,APT PIPELINES LIMITED,Emu Downs Wind Farm,,"815,272",,450,445,895,48,1.65,79.2
2012,CANUNDA POWER PTY LTD,Canunda Wind Farm,,"431,639",,18,152,170,23,2,46
2012,CWF HOLDINGS PTY LTD,Collgar Wind Farm,,"2,180,019",,231,760,991,111,2,222
2012,ELECTRICITY GENERATION CORPORATION T/A VERVE ENERGY,Albany Wind Farm,,"322,543",,10,13,23,12,2.95,35.4
2012,ELECTRICITY GENERATION CORPORATION T/A VERVE ENERGY,Denham Wind Farm,,"7,363",,0,1,1,4,1.02,4
2012,ELECTRICITY GENERATION CORPORATION T/A VERVE ENERGY,Esperance Wind Farm,,"51,960",,0,10,10,9,0.225,2.025
2012,ELECTRICITY GENERATION CORPORATION T/A VERVE ENERGY,Kalbarri Wind Farm,,"16,732",,0,12,12,2,0.8,1.6
2012,ENERGYAUSTRALIA HOLDINGS LTD,Cathedral Rocks Wind Farm,,"639,410",,56,143,199,33,2,66
2012,ENERGYAUSTRALIA HOLDINGS LTD,Waterloo Wind Farm,,"1,131,173",,163,212,375,43,3.04,131
2012,ERARING ENERGY,Blayney Wind Farm,,"56,742",,4,40,44,15,0.66,9.9
2012,ERARING ENERGY,Crookwell Wind Farm,,"24,751",,1,28,29,28,3.4,95.2
2012,HYDRO-ELECTRIC CORPORATION,Musselroe Wind Farm,,"31,449",,"1,690",412,"2,102",56,,168
2012,IFM RENEWABLE ENERGY PTY LTD,Challicum Hills Wind Farm,,"492,121",,27,0,27,35,35,52.5
2012,IFM RENEWABLE ENERGY PTY LTD,Clements Gap Wind Farm,,"608,449",,12,0,12,27,27,57
2012,IFM RENEWABLE ENERGY PTY LTD,Portland Wind Farms,,"1,186,822",,20,0,20,,,
2012,IFM RENEWABLE ENERGY PTY LTD,Yambuk Wind Farm,,"325,053",,24,0,24,98,98,195
2012,INFIGEN ENERGY LIMITED,Alinta Wind Farm,,"1,178,276",,68,601,669,,,
2012,INFIGEN ENERGY LIMITED,Capital Wind Farm,,"1,274,685",,131,609,740,67,,140.7
2012,INFIGEN ENERGY LIMITED,"Lake Bonney Stage 1,2 & 3 Wind Farm",,"2,424,891",,95,"1,048","1,143",,,
2012,INFIGEN ENERGY LIMITED,Woodlawn Wind Farm,,"539,419",,22,230,252,23,,48.3
2012,RATCH - AUSTRALIA CORPORATION LIMITED,Starfish Hill Wind Farm,,"261,473",,49,62,111,22,22,35
2012,RATCH - AUSTRALIA CORPORATION LIMITED,Toora Wind Farm,,"189,969",,11,265,276,12,1.75,21
2012,RATCH - AUSTRALIA CORPORATION LIMITED,Windy Hill Wind Farm,,"106,687",,8,12,20,20,20,12
2012,SHENHUA CLEAN ENERGY HOLDINGS PTY LTD,Woolnorth Bluff point Wind Farm Pty Ltd,,"901,598",,103,"5,827","5,930",,,
2012,SHENHUA CLEAN ENERGY HOLDINGS PTY LTD,Woolnorth Studland Bay Wind Farm Pty Ltd,,"959,743",,103,"6,717","6,820",,,
2012,SNOWTOWN WIND FARM PTY LTD,Snowtown Wind Farm,,"1,379,760",,0,201,201,48,3,370.8
2013,ACCIONA ENERGY OCEANIA PTY LTD,Gunning Wind Farm,,"622,579",,31,375,,31,1.5,46.5
2013,ACCIONA ENERGY OCEANIA PTY LTD,Waubra Wind Farm,,"2,506,981",,73,"1,173",,128,1.5,192
2013,AGL ENERGY LIMITED,Hallett (Stage 1) Wind Farm,,"1,292,065",,104,199,,45,2.1,95
2013,AGL ENERGY LIMITED,Hallett (Stage 2) Wind Farm,,"967,209",,85,156,,34,2.1,71
2013,AGL ENERGY LIMITED,Hallett (Stage 4) Wind Farm,,"1,743,573",,134,342,,63,2.1,132
2013,AGL ENERGY LIMITED,Hallett (Stage 5) Wind Farm,,"603,982",,63,179,,25,2.1,52.5
2013,AGL ENERGY LIMITED,Macarthur Wind Farm,,"3,838,563",,"1,114","2,358",,140,3,420
2013,AGL ENERGY LIMITED,Oaklands Hill Wind Farm,,"607,814",,63,488,,32,2.1,67.2
2013,AGL ENERGY LIMITED,Wattle Point Wind Farm,,"1,065,059",,51,192,,55,1.65,91
2013,APT PIPELINES LIMITED,Emu Downs Wind Farm,,"869,699",,96,417,,48,1.65,79.2
2013,CANUNDA POWER PTY LTD,Canunda Wind Farm,,"471,574",,17,139,,23,2,46
2013,CWF HOLDINGS PTY LTD,Collgar Wind Farm,,"2,507,946",,213,914,,111,2,222
2013,ELECTRICITY GENERATION AND RETAIL CORPORATION,Albany Wind Farm,,"369,514",,10,7,,12,2.95,35.4
2013,ELECTRICITY GENERATION AND RETAIL CORPORATION,Denham Wind Farm,,"7,883",,0,1,,4,1.02,4
2013,ELECTRICITY GENERATION AND RETAIL CORPORATION,Esperance Wind Farm,,"57,543",,0,7,,9,0.225,2.025
2013,ELECTRICITY GENERATION AND RETAIL CORPORATION,Kalbarri Wind Farm,,"13,436",,0,8,,2,0.8,1.6
2013,ENERGYAUSTRALIA HOLDINGS LIMITED,Cathedral Rocks Wind Farm,,"715,588",,57,123,,33,2,66
2013,ENERGYAUSTRALIA HOLDINGS LIMITED,Waterloo Wind Farm,,"1,229,935",,86,169,,43,3.04,131
2013,GREEN STATE POWER PTY LTD,Blayney Wind Farm,,"65,569",,7,47,,15,0.66,9.9
2013,GREEN STATE POWER PTY LTD,Crookwell Wind Farm,,"65,569",,0,31,,28,3.4,95.2
2013,HYDRO-ELECTRIC CORPORATION,Musselroe Wind Farm,,"514,262",,34,2,,56,,168
2013,IFM RENEWABLE ENERGY PTY LTD,Challicum Hills Wind Farm,,"548,625",,29,0,,35,35,52.5
2013,IFM RENEWABLE ENERGY PTY LTD,Clements Gap Wind Farm,,"656,001",,32,0,,27,27,57
2013,IFM RENEWABLE ENERGY PTY LTD,Codrington Wind Farm,,"161,201",,8,0,,14,14,18.2
2013,IFM RENEWABLE ENERGY PTY LTD,Portland Wind Farms,,"1,279,151",,153,0,,,,
2013,IFM RENEWABLE ENERGY PTY LTD,Yambuk Wind Farm,,"336,675",,32,0,,98,98,195
2013,INFIGEN ENERGY LIMITED,Alinta Wind Farm,,"1,207,884",,50,594,,,,
2013,INFIGEN ENERGY LIMITED,Capital Wind Farm,,"1,375,232",,68,710,,67,,140.7
2013,INFIGEN ENERGY LIMITED,"Lake Bonney Stage 1,2 & 3 Wind Farm",,"2,621,451",,81,818,,,,
2013,INFIGEN ENERGY LIMITED,Woodlawn Wind Farm,,"574,347",,12,278,,23,,48.3
2013,MERIDIAN ENERGY AUSTRALIA PTY LIMITED,Mt Mercer Wind farm Pty Ltd,,"361,278",,"2,541",120,,,,
2013,MERIDIAN ENERGY AUSTRALIA PTY LIMITED,Mt Millar Wind Farm Pty Ltd,,"664,081",,19,0,,,,
2013,NEW GULLEN RANGE WIND FARM (HOLDING) PTY LTD,Gullen Range Wind Farm,,"174,940",,0,245,,17,2.5,165.5
2013,ORIGIN ENERGY LIMITED,Crookwell Wind Farm,,"1,449",,1,2,,28,3.4,95.2
2013,RATCH - AUSTRALIA CORPORATION LIMITED,Starfish Hill Wind Farm,,"360,374",,58,51,,22,22,35
2013,RATCH - AUSTRALIA CORPORATION LIMITED,Toora Wind Farm,,"228,939",,17,211,,12,1.75,21
2013,RATCH - AUSTRALIA CORPORATION LIMITED,Windy Hill Wind Farm,,"116,915",,16,12,,20,20,12
2013,SENVION HOLDINGS PTY LTD,Wonthaggi Wind Farm,,"109,759",,21,0,,6,6,12
2013,SHENHUA CLEAN ENERGY HOLDINGS PTY LTD,Musselroe Wind Farm Pty Ltd,,"1,288,981",,103,"1,945",,,,
2013,SHENHUA CLEAN ENERGY HOLDINGS PTY LTD,Woolnorth Bluff point Wind Farm Pty Ltd,,"994,415",,73,"4,876",,,,
2013,SHENHUA CLEAN ENERGY HOLDINGS PTY LTD,Woolnorth Studland Bay Wind Farm Pty Ltd,,"1,039,760",,74,"5,082",,,,
2013,SNOWTOWN SOUTH WIND FARM PTY. LTD.,SNOWTOWN SOUTH WIND FARM,,"743,674",,56,116,,,,
2013,SNOWTOWN WIND FARM PTY LTD,Snowtown Wind Farm,,"1,432,188",,74,200,,48,3,370.8
2013,SNOWTOWN WIND FARM STAGE 2 PTY. LTD.,SNOWTOWN WIND FARM STAGE 2,,"373,153",,66,73,,,,
2014,ACCIONA ENERGY OCEANIA PTY LTD,Gunning Wind Farm,NSW,567719,157700,19,293,312,31,1.5,46.5
2014,ACCIONA ENERGY OCEANIA PTY LTD,Waubra Wind Farm,VIC,2461803,683834,77,1144,1221,128,1.5,192
2014,AGL ENERGY LIMITED,Hallett (Stage 1) Wind Farm,SA,1136668,315741,135,217,352,45,2.1,95
2014,AGL ENERGY LIMITED,Hallett (Stage 2) Wind Farm,SA,858516,238477,85,187,272,34,2.1,71
2014,AGL ENERGY LIMITED,Hallett (Stage 4) Wind Farm,SA,1543714,428809,133,360,493,63,2.1,132
2014,AGL ENERGY LIMITED,Hallett (Stage 5) Wind Farm,SA,489049,135847,75,175,250,25,2.1,52.5
2014,AGL ENERGY LIMITED,Macarthur Wind Farm,VIC,3589748,997152,371,2655,3026,140,3,420
2014,AGL ENERGY LIMITED,Oaklands Hill Wind Farm,VIC,526539,146261,68,637,705,32,2.1,67.2
2014,AGL ENERGY LIMITED,Wattle Point Wind Farm,SA,937578,260438,49,229,278,55,1.65,91
2014,APT PIPELINES LIMITED,Emu Downs Wind Farm,WA,913852,253848,91,343,434,48,1.65,79.2
2014,CANUNDA POWER PTY LTD,Canunda Wind Farm,SA,445274,123687,17,156,173,23,2,46
2014,CWF HOLDINGS PTY LTD,Collgar Wind Farm,WA,2566405,712890,227,611,838,111,2,222
2014,CWP RENEWABLES PTY LTD,Boco Rock Wind Farm Pty Ltd,NSW,751603,208779,55,720,775,,,
2014,CWP RENEWABLES PTY LTD,Taralga Wind Farm Pty Ltd,NSW,265563,73768,20,128,148,,,
2014,ELECTRICITY GENERATION AND RETAIL CORPORATION,Albany Wind Farm,WA,347600,96556,13,7,20,12,2.95,35.4
2014,ELECTRICITY GENERATION AND RETAIL CORPORATION,Denham Wind Farm,WA,6871,1909,0,1,1,4,1.02,4
2014,ELECTRICITY GENERATION AND RETAIL CORPORATION,Esperance Wind Farm,WA,52851,14681,0,8,8,9,0.225,2.025
2014,ELECTRICITY GENERATION AND RETAIL CORPORATION,Kalbarri Wind Farm,WA,15140,4206,0,6,6,2,0.8,1.6
2014,ENERGYAUSTRALIA HOLDINGS LIMITED,Cathedral Rocks Wind Farm,SA,620421,172339,65,128,193,33,2,66
2014,ENERGYAUSTRALIA HOLDINGS LIMITED,Waterloo Wind Farm,SA,1063581,295439,66,226,292,43,3.04,131
2014,GSP ENERGY PTY LTD,Blayney Wind Farm,NSW,72296,20082,0,49,49,15,0.66,9.9
2014,GSP ENERGY PTY LTD,Crookwell Wind Farm,NSW,28521,7923,0,33,33,28,3.4,95.2
2014,IFM RENEWABLE ENERGY PTY LTD,Challicum Hills Wind Farm,VIC,487533,135426,93,0,93,35,35,52.5
2014,IFM RENEWABLE ENERGY PTY LTD,Clements Gap Wind Farm,SA,615683,171023,26,0,26,27,27,57
2014,IFM RENEWABLE ENERGY PTY LTD,Codrington Wind Farm,VIC,160914,44698,24,0,24,14,14,18.2
2014,IFM RENEWABLE ENERGY PTY LTD,Portland Wind Farms,VIC,1483286,412024,21,0,21,,,
2014,IFM RENEWABLE ENERGY PTY LTD,Yambuk Wind Farm,VIC,324867,90241,107,0,107,98,98,195
2014,INFIGEN ENERGY LIMITED,Alinta Wind Farm,WA,1190284,330634,47,624,671,,,
2014,INFIGEN ENERGY LIMITED,Capital Wind Farm,NSW,1184184,328940,105,871,976,67,,140.7
2014,INFIGEN ENERGY LIMITED,"Lake Bonney Stage 1,2 & 3 Wind Farm",SA,2477929,688314,88,888,976,,,
2014,INFIGEN ENERGY LIMITED,Woodlawn Wind Farm,NSW,462471,128464,33,186,219,23,,48.3
2014,MERIDIAN ENERGY AUSTRALIA PTY LIMITED,Mt Mercer Wind farm Pty Ltd,VIC,1259336,349816,91,623,714,,,
2014,MERIDIAN ENERGY AUSTRALIA PTY LIMITED,Mt Millar Wind Farm Pty Ltd,SA,672546,186818,16,24,40,,,
2014,MITSUI & CO (AUSTRALIA) LTD,Bald Hills Wind Farm,VIC,237597,65999,45,431,476,52,2.05,106.6
2014,NEW GULLEN RANGE WIND FARM  (HOLDING) PTY LTD,New Gullen Range Wind Farm Pty Ltd,NSW,1295661,359906,0,397,397,,,
2014,ORIGIN ENERGY LIMITED,Cullerin Wind Farm,NSW,325681,90467,19,105,124,,,
2014,RATCH - AUSTRALIA CORPORATION LIMITED,Starfish Hill Wind Farm,SA,326963,90823,45,59,104,22,22,35
2014,RATCH - AUSTRALIA CORPORATION LIMITED,Toora Wind Farm,VIC,186002,51667,20,269,289,12,1.75,21
2014,RATCH - AUSTRALIA CORPORATION LIMITED,Windy Hill Wind Farm,QLD,112473,31243,18,15,33,20,20,12
2014,SENVION HOLDINGS PTY LTD,Wonthaggi Wind Farm,VIC,102127,28369,5,0,5,6,6,12
2014,SHENHUA CLEAN ENERGY HOLDINGS PTY LTD,Musselroe Wind Farm Pty Ltd,TAS,1900382,527884,151,2881,3032,,,
2014,SHENHUA CLEAN ENERGY HOLDINGS PTY LTD,Woolnorth Bluff point Wind Farm Pty Ltd,TAS,872765,242435,76,4756,4832,,,
2014,SHENHUA CLEAN ENERGY HOLDINGS PTY LTD,Woolnorth Studland Bay Wind Farm Pty Ltd,TAS,1008270,280075,83,5486,5569,,,
2014,SNOWTOWN SOUTH WIND FARM PTY. LTD.,SNOWTOWN SOUTH WIND FARM,SA,1538563,427379,47,148,195,,,
2014,SNOWTOWN WIND FARM PTY LTD,Snowtown Wind Farm,SA,1229676,341577,0,202,202,48,3,370.8
2014,SNOWTOWN WIND FARM STAGE 2 PTY. LTD.,SNOWTOWN WIND FARM STAGE 2,SA,1493388,414830,54,203,257,,,
2015,,Gunning Wind Farm,NSW,"595,234","165,343",22,283,305,31,1.5,46.5
2015,,Waubra Wind Farm,VIC,"2,352,139","653,372",93,950,"1,043",128,1.5,192
2015,,Hallett (Stage 1) Wind Farm,SA,"1,160,705","322,418",81,196,277,45,2.1,95
2015,,Hallett (Stage 2) Wind Farm,SA,"896,973","249,159",69,155,224,34,2.1,71
2015,,Hallett (Stage 4) Wind Farm,SA,"1,646,119","457,255",104,415,519,63,2.1,132
2015,,Hallett (Stage 5) Wind Farm,SA,"540,044","150,012",81,194,275,25,2.1,52.5
2015,,Macarthur Wind Farm,VIC,"3,624,124","1,006,701",348,"2,612","2,960",140,3,420
2015,,Oaklands Hill Wind Farm,VIC,"604,314","167,865",68,710,778,32,2.1,67.2
2015,,Wattle Point Wind Farm,SA,"963,022","267,506",45,195,240,55,1.65,91
2015,,Emu Downs Wind Farm,WA,"815,306","226,474",90,454,544,48,1.65,79.2
2015,,Canunda Wind Farm,SA,"426,416","118,449",15,117,132,23,2,46
2015,,Collgar Wind Farm,WA,"2,414,544","670,707",238,752,990,111,2,222
2015,,Boco Rock Wind Farm Pty Ltd,NSW,"1,202,811","334,114",94,932,"1,026",,,
2015,,Taralga Wind Farm Pty Ltd,NSW,"1,011,619","281,005",59,273,332,,,
2015,,Albany Wind Farm,WA,"345,142","95,873",12,8,20,12,2.95,35.4
2015,,Denham Wind Farm,WA,"6,683","1,856",0,0,0,4,1.02,4
2015,,Esperance Wind Farm,WA,"51,539","14,316",0,7,7,9,0.225,2.025
2015,,Kalbarri Wind Farm,WA,"13,826","3,841",0,6,6,2,0.8,1.6
2015,,Cathedral Rocks Wind Farm,SA,"616,428","171,230",47,129,176,33,2,66
2015,,Waterloo Wind Farm,SA,"1,103,990","306,664",72,210,282,43,3.04,131
2015,,Blayney Wind Farm,NSW,"68,007","18,891",0,44,44,15,0.66,9.9
2015,,Crookwell Wind Farm,NSW,"31,427","8,730",0,31,31,28,3.4,95.2
2015,,Challicum Hills Wind Farm,VIC,"491,832","136,620",27,196,223,35,35,52.5
2015,,Clements Gap Wind Farm,SA,"631,683","175,468",13,181,194,27,27,57
2015,,Codrington Wind Farm,VIC,"148,019","41,116",11,55,66,14,14,18.2
2015,,Portland Wind Farms,VIC,"1,657,431","460,398",5,0,5,,,
2015,,Yambuk Wind Farm,VIC,"308,923","85,812",24,196,220,98,98,195
2015,,Alinta Wind Farm,WA,"1,103,621","306,561",43,752,795,,,
2015,,Capital Wind Farm,NSW,"1,333,851","370,514",103,788,891,67,,140.7
2015,,"Lake Bonney Stage 1,2 & 3 Wind Farm",SA,"2,394,147","665,041",63,803,866,,,
2015,,Woodlawn Wind Farm,NSW,"545,517","151,533",22,335,357,23,,48.3
2015,,Mt Mercer Wind farm Pty Ltd,VIC,"1,271,657","353,238",120,1,121,,,
2015,,Mt Millar Wind Farm Pty Ltd,SA,"658,516","182,921",0,0,0,,,
2015,,Bald Hills Wind Farm,VIC,"1,165,374","323,715",45,844,889,52,2.05,106.6
2015,,Mumbida Wind Farm,WA,"547,031","151,953",2,328,330,,,
2015,,New Gullen Range Wind Farm Pty Ltd,NSW,"1,679,312","466,476",0,437,437,,,
2015,,Cullerin Wind Farm,NSW,"367,841","102,178",8,90,98,,,
2015,,Starfish Hill Wind Farm,SA,"326,439","90,678",55,59,114,22,22,35
2015,,Toora Wind Farm,VIC,"186,575","51,826",16,238,254,12,1.75,21
2015,,Windy Hill Wind Farm,QLD,"98,228","27,286",19,16,35,20,20,12
2015,,Musselroe Wind Farm Pty Ltd,TAS,"1,958,343","543,984",159,"1,747","1,906",,,
2015,,Woolnorth Bluff point Wind Farm Pty Ltd,TAS,"845,275","234,799",84,"1,565","1,649",,,
2015,,Woolnorth Studland Bay Wind Farm Pty Ltd,TAS,"976,551","271,264",85,"1,805","1,890",,,
2015,,SNOWTOWN SOUTH WIND FARM,SA,"1,595,739","443,261",104,505,609,,,
2015,,Snowtown Wind Farm,SA,"1,254,374","348,437",0,238,238,48,3,370.8
2015,,SNOWTOWN WIND FARM STAGE 2,SA,"1,608,296","446,749",119,600,719,,,
2016,ACCIONA ENERGY OCEANIA PTY. LTD.,Gunning Wind Farm,NSW,"562,485","156,246",46,283,329,31,1.5,46.5
2016,ACCIONA ENERGY OCEANIA PTY. LTD.,Waubra Wind Farm,VIC,"2,204,701","612,417",129,"1,080","1,209",128,1.5,192
2016,AGL ENERGY LIMITED,Hallett (Stage 1) Wind Farm,SA,"1,028,152","285,598",82,294,376,45,2.1,95
2016,AGL ENERGY LIMITED,Hallett (Stage 2) Wind Farm,SA,"808,478","224,577",70,221,291,34,2.1,71
2016,AGL ENERGY LIMITED,Hallett (Stage 4) Wind Farm,SA,"1,425,024","395,840",81,651,732,63,2.1,132
2016,AGL ENERGY LIMITED,Hallett (Stage 5) Wind Farm,SA,"440,273","122,298",85,378,463,25,2.1,52.5
2016,AGL ENERGY LIMITED,Macarthur Wind Farm,VIC,"3,218,676","894,077",322,"3,215","3,537",140,3,420
2016,AGL ENERGY LIMITED,Oaklands Hill Wind Farm,VIC,"612,654","170,182",63,793,856,32,2.1,67.2
2016,AGL ENERGY LIMITED,Wattle Point Wind Farm,SA,"838,991","233,053",43,221,264,55,1.65,91
2016,APT PIPELINES LIMITED,Emu Downs Wind Farm,WA,"931,765","258,824",64,281,345,48,1.65,79.2
2016,CANUNDA POWER PTY LTD,Canunda Wind Farm,SA,"424,757","117,988",8,112,120,23,2,46
2016,CK WILLIAM AUSTRALIA HOLDINGS PTY LTD,Cullerin Range Wind Farm,NSW,"354,476","98,466",23,87,110,8,2.05,30
2016,CK WILLIAM AUSTRALIA HOLDINGS PTY LTD,Wonthaggi Wind Farm,VIC,"10,918","3,033",1,8,9,6,6,12
2016,CWF HOLDINGS PTY LTD,Collgar Wind Farm,WA,"2,506,701","696,306",270,556,826,111,2,222
2016,CWP RENEWABLES PTY LTD,Boco Rock Wind Farm Pty Ltd,NSW,"1,257,486","349,302",116,929,"1,045",,,
2016,EIT BALD HILLS PTY LTD,Bald Hills Wind Farm Pty Ltd,VIC,"1,269,684","352,690",120,812,932,,,
2016,EIT MUMBIDA WIND FARM PTY LTD,Mumbida Wind Farm Pty Ltd,WA,"736,620","204,617",45,247,292,,,
2016,ELECTRICITY GENERATION AND RETAIL CORPORATION,Albany Wind Farm,WA,"309,241","85,900",12,11,23,12,2.95,35.4
2016,ELECTRICITY GENERATION AND RETAIL CORPORATION,Denham Wind Farm,WA,"7,884","2,190",-,0,0,4,1.02,4
2016,ELECTRICITY GENERATION AND RETAIL CORPORATION,Esperance Wind Farm,WA,"51,440","14,289",1,6,7,9,0.225,2.025
2016,ELECTRICITY GENERATION AND RETAIL CORPORATION,Kalbarri Wind Farm,WA,"14,429","4,008",-,3,3,2,0.8,1.6
2016,ENERGYAUSTRALIA HOLDINGS LIMITED,Cathedral Rocks Wind Farm,SA,"551,476","153,188",53,121,174,33,2,66
2016,ENERGYAUSTRALIA HOLDINGS LIMITED,Waterloo Wind Farm,SA,"1,113,109","309,197",57,263,320,43,3.04,131
2016,INFIGEN ENERGY LIMITED,Alinta Wind Farm,WA,"1,244,260","345,628",65,472,537,,,
2016,INFIGEN ENERGY LIMITED,Capital Wind Farm,NSW,"1,276,714","354,643",168,901,"1,069",67,,140.7
2016,INFIGEN ENERGY LIMITED,"Lake Bonney Stage 1,2 & 3 Wind Farm",SA,"2,400,179","666,716",115,793,908,,,
2016,INFIGEN ENERGY LIMITED,Woodlawn Wind Farm,NSW,"528,884","146,912",42,404,446,23,,48.3
2016,ACCIONA ENERGY OCEANIA PTY. LTD.,Gunning Wind Farm,NSW,"562,485","156,246",46,283,329,31,1.5,46.5
2016,ACCIONA ENERGY OCEANIA PTY. LTD.,Waubra Wind Farm,VIC,"2,204,701","612,417",129,"1,080","1,209",128,1.5,192
2016,AGL ENERGY LIMITED,Hallett (Stage 1) Wind Farm,SA,"1,028,152","285,598",82,294,376,45,2.1,95
2016,AGL ENERGY LIMITED,Hallett (Stage 2) Wind Farm,SA,"808,478","224,577",70,221,291,34,2.1,71
2016,AGL ENERGY LIMITED,Hallett (Stage 4) Wind Farm,SA,"1,425,024","395,840",81,651,732,63,2.1,132
2016,AGL ENERGY LIMITED,Hallett (Stage 5) Wind Farm,SA,"440,273","122,298",85,378,463,25,2.1,52.5
2016,AGL ENERGY LIMITED,Macarthur Wind Farm,VIC,"3,218,676","894,077",322,"3,215","3,537",140,3,420
2016,AGL ENERGY LIMITED,Oaklands Hill Wind Farm,VIC,"612,654","170,182",63,793,856,32,2.1,67.2
2016,AGL ENERGY LIMITED,Wattle Point Wind Farm,SA,"838,991","233,053",43,221,264,55,1.65,91
2016,APT PIPELINES LIMITED,Emu Downs Wind Farm,WA,"931,765","258,824",64,281,345,48,1.65,79.2
2016,CANUNDA POWER PTY LTD,Canunda Wind Farm,SA,"424,757","117,988",8,112,120,23,2,46
2016,CK WILLIAM AUSTRALIA HOLDINGS PTY LTD,Cullerin Range Wind Farm,NSW,"354,476","98,466",23,87,110,8,2.05,30
2016,CK WILLIAM AUSTRALIA HOLDINGS PTY LTD,Wonthaggi Wind Farm,VIC,"10,918","3,033",1,8,9,6,6,12
2016,CWF HOLDINGS PTY LTD,Collgar Wind Farm,WA,"2,506,701","696,306",270,556,826,111,2,222
2016,CWP RENEWABLES PTY LTD,Boco Rock Wind Farm Pty Ltd,NSW,"1,257,486","349,302",116,929,"1,045",,,
2016,EIT BALD HILLS PTY LTD,Bald Hills Wind Farm Pty Ltd,VIC,"1,269,684","352,690",120,812,932,,,
2016,EIT MUMBIDA WIND FARM PTY LTD,Mumbida Wind Farm Pty Ltd,WA,"736,620","204,617",45,247,292,,,
2016,ELECTRICITY GENERATION AND RETAIL CORPORATION,Albany Wind Farm,WA,"309,241","85,900",12,11,23,12,2.95,35.4
2016,ELECTRICITY GENERATION AND RETAIL CORPORATION,Denham Wind Farm,WA,"7,884","2,190",-,0,0,4,1.02,4
2016,ELECTRICITY GENERATION AND RETAIL CORPORATION,Esperance Wind Farm,WA,"51,440","14,289",1,6,7,9,0.225,2.025
2016,ELECTRICITY GENERATION AND RETAIL CORPORATION,Kalbarri Wind Farm,WA,"14,429","4,008",-,3,3,2,0.8,1.6
2016,ENERGYAUSTRALIA HOLDINGS LIMITED,Cathedral Rocks Wind Farm,SA,"551,476","153,188",53,121,174,33,2,66
2016,ENERGYAUSTRALIA HOLDINGS LIMITED,Waterloo Wind Farm,SA,"1,113,109","309,197",57,263,320,43,3.04,131
2016,INFIGEN ENERGY LIMITED,Alinta Wind Farm,WA,"1,244,260","345,628",65,472,537,,,
2016,INFIGEN ENERGY LIMITED,Capital Wind Farm,NSW,"1,276,714","354,643",168,901,"1,069",67,,140.7
2016,INFIGEN ENERGY LIMITED,"Lake Bonney Stage 1,2 & 3 Wind Farm",SA,"2,400,179","666,716",115,793,908,,,
2016,INFIGEN ENERGY LIMITED,Woodlawn Wind Farm,NSW,"528,884","146,912",42,404,446,23,,48.3
2016,MERIDIAN ENERGY AUSTRALIA PTY LTD,Mt Mercer Wind farm Pty Ltd,VIC,"1,304,419","362,339",87,-,87,,,
2016,MERIDIAN ENERGY AUSTRALIA PTY LTD,Mt Millar Wind Farm Pty Ltd,SA,"577,001","160,278",41,-,41,,,
2016,NEW GULLEN RANGE WIND FARM  (HOLDING) PTY LTD,New Gullen Range Wind Farm Pty Ltd,NSW,"1,704,291","473,414",-,453,453,,,
2016,ORIGIN ENERGY LIMITED,Cullerin Wind Farm,NSW,"16,723","4,645",8,2,10,,,
2016,RATCH - AUSTRALIA CORPORATION LIMITED,Starfish Hill Wind Farm,SA,"229,802","63,834",65,52,117,22,22,35
2016,RATCH - AUSTRALIA CORPORATION LIMITED,Toora Wind Farm,VIC,"178,252","49,514",33,226,259,12,1.75,21
2016,RATCH - AUSTRALIA CORPORATION LIMITED,Windy Hill Wind Farm,QLD,"100,175","27,826",28,17,45,20,20,12
2016,SHENHUA CLEAN ENERGY HOLDINGS PTY LIMITED                                                           ,Musselroe Wind Farm Pty Ltd,TAS,"2,166,190","601,719",153,155,308,,,
2016,SHENHUA CLEAN ENERGY HOLDINGS PTY LIMITED                                                           ,Woolnorth Bluff point Wind Farm Pty Ltd,TAS,"829,195","230,332",75,22,97,,,
2016,SHENHUA CLEAN ENERGY HOLDINGS PTY LIMITED                                                           ,Woolnorth Studland Bay Wind Farm Pty Ltd,TAS,"959,057","266,405",86,25,111,,,
2016,SNOWTOWN SOUTH WIND FARM PTY. LTD.,SNOWTOWN SOUTH WIND FARM,SA,"1,500,088","416,691",92,191,283,,,
2016,SNOWTOWN WIND FARM PTY LTD,Snowtown Wind Farm,SA,"1,117,532","310,426",121,347,468,48,3,370.8
2016,SNOWTOWN WIND FARM STAGE 2 PTY. LTD.,SNOWTOWN WIND FARM STAGE 2,SA,"1,463,729","406,591",104,286,390,,,
2016,SPIC PACIFIC ENERGY PTY LTD,Challicum Hills Wind Farm ,VIC,"457,784","127,162",37,18,55,35,35,52.5
2016,SPIC PACIFIC ENERGY PTY LTD,Clements Gap Wind Farm ,SA,"578,619","160,728",55,0,55,27,27,57
2016,SPIC PACIFIC ENERGY PTY LTD,Codrington Wind Farm ,VIC,"149,335","41,482",17,-,17,14,14,18.2
2016,SPIC PACIFIC ENERGY PTY LTD,Portland Wind Farms ,VIC,"1,684,621","467,950",68,-,68,,,
2016,SPIC PACIFIC ENERGY PTY LTD,Taralga Wind Farm ,NSW,"1,038,233","288,398",100,-,100,21,3,106.8
2016,SPIC PACIFIC ENERGY PTY LTD,Yambuk Wind Farm ,VIC,"312,165","86,713",20,-,20,98,98,195
2017,ACCIONA ENERGY OCEANIA PTY. LTD.,Cathedral Rocks Wind Farm,SA,"550,950","153,042",48,136,184,33,2,66
2017,ACCIONA ENERGY OCEANIA PTY. LTD.,Gunning Wind Farm,NSW,"601,740","167,150",44,205,249,31,1.5,46.5
2017,ACCIONA ENERGY OCEANIA PTY. LTD.,Mt Gellibrand Wind Farm,VIC,"4,320","1,200",0,22,22,,,
2017,ACCIONA ENERGY OCEANIA PTY. LTD.,Waubra Wind Farm,VIC,"2,317,673","643,798",132,966,"1,098",128,1.5,192
2017,AGL ENERGY LIMITED,Hallett (Stage 1) Wind Farm,SA,"1,126,198","312,833",96,191,287,45,2.1,95
2017,AGL ENERGY LIMITED,Hallett (Stage 2) Wind Farm,SA,"901,465","250,407",71,158,229,34,2.1,71
2017,AGL ENERGY LIMITED,Hallett (Stage 4) Wind Farm,SA,"1,708,149","474,486",152,377,529,63,2.1,132
2017,AGL ENERGY LIMITED,Hallett (Stage 5) Wind Farm,SA,"582,085","161,690",62,224,286,25,2.1,52.5
2017,AGL ENERGY LIMITED,Macarthur Wind Farm,VIC,"3,770,990","1,047,497",434,"2,823","3,257",140,3,420
2017,AGL ENERGY LIMITED,Oaklands Hill Wind Farm,VIC,"677,832","188,287",79,615,694,32,2.1,67.2
2017,AGL ENERGY LIMITED,Wattle Point Wind Farm,SA,"977,706","271,585",47,172,219,55,1.65,91
2017,APT PIPELINES LIMITED,Emu Downs Wind Farm,WA,"864,702","240,195",63,333,396,48,1.65,79.2
2017,BALD HILLS WF HOLDINGS PTY LTD,Bald Hills Wind Farm Pty Ltd,VIC,"1,306,751","362,986",105,822,927,,,
2017,BEIJING JINGNENG CLEAN ENERGY (AUSTRALIA) HOLDING PTY LTD,New Gullen Range Wind Farm Pty Ltd,NSW,"1,825,008","506,947",52,179,231,,,
2017,CANUNDA POWER PTY LTD,Canunda Wind Farm,SA,"469,585","130,440",13,20,33,23,2,46
2017,CECEP WIND POWER AUSTRALIA HOLDING PTY LTD,White Rock Wind Farm Pty Ltd,NSW,"1,245,731","346,036",64,775,839,,,
2017,CULLERIN RANGE WIND FARM PTY LTD,Cullerin Range Wind Farm,NSW,"405,688","112,691",28,82,110,8,2.05,30
2017,CWF HOLDINGS PTY LTD,Collgar Wind Farm,WA,"2,575,799","715,500",388,590,978,111,2,222
2017,CWP RENEWABLES PTY LTD,Boco Rock Wind Farm Pty Ltd,NSW,"1,339,270","372,019",365,784,"1,149",,,
2017,ELECTRICITY GENERATION AND RETAIL CORPORATION,Albany Wind Farm,WA,"333,656","92,682",12,10,22,12,2.95,35.4
2017,ELECTRICITY GENERATION AND RETAIL CORPORATION,Denham Wind Farm,WA,"4,907","1,363",0,1,1,4,1.02,4
2017,ELECTRICITY GENERATION AND RETAIL CORPORATION,Esperance Wind Farm,WA,"56,803","15,779",1,5,6,9,0.225,2.025
2017,ELECTRICITY GENERATION AND RETAIL CORPORATION,Kalbarri Wind Farm,WA,"11,370","3,158",0,1,1,2,0.8,1.6
2017,ENERGYAUSTRALIA HOLDINGS LIMITED,Waterloo Wind Farm,SA,"329,504","91,529",6,29,35,43,43,131
2017,ACCIONA ENERGY OCEANIA PTY. LTD.,Cathedral Rocks Wind Farm,SA,"550,950","153,042",48,136,184,33,33,66
2017,ACCIONA ENERGY OCEANIA PTY. LTD.,Gunning Wind Farm,NSW,"601,740","167,150",44,205,249,31,1.5,46.5
2017,ACCIONA ENERGY OCEANIA PTY. LTD.,Mt Gellibrand Wind Farm,VIC,"4,320","1,200",0,22,22,,,
2017,ACCIONA ENERGY OCEANIA PTY. LTD.,Waubra Wind Farm,VIC,"2,317,673","643,798",132,966,"1,098",128,1.5,192
2017,AGL ENERGY LIMITED,Hallett (Stage 1) Wind Farm,SA,"1,126,198","312,833",96,191,287,45,2.1,95
2017,AGL ENERGY LIMITED,Hallett (Stage 2) Wind Farm,SA,"901,465","250,407",71,158,229,34,2.1,71
2017,AGL ENERGY LIMITED,Hallett (Stage 4) Wind Farm,SA,"1,708,149","474,486",152,377,529,63,2.1,132
2017,AGL ENERGY LIMITED,Hallett (Stage 5) Wind Farm,SA,"582,085","161,690",62,224,286,25,2.1,52.5
2017,AGL ENERGY LIMITED,Macarthur Wind Farm,VIC,"3,770,990","1,047,497",434,"2,823","3,257",140,3,420
2017,AGL ENERGY LIMITED,Oaklands Hill Wind Farm,VIC,"677,832","188,287",79,615,694,32,2.1,67.2
2017,AGL ENERGY LIMITED,Wattle Point Wind Farm,SA,"977,706","271,585",47,172,219,55,1.65,91
2017,APT PIPELINES LIMITED,Emu Downs Wind Farm,WA,"864,702","240,195",63,333,396,48,1.65,79.2
2017,BALD HILLS WF HOLDINGS PTY LTD,Bald Hills Wind Farm Pty Ltd,VIC,"1,306,751","362,986",105,822,927,,,
2017,BEIJING JINGNENG CLEAN ENERGY (AUSTRALIA) HOLDING PTY LTD,New Gullen Range Wind Farm Pty Ltd,NSW,"1,825,008","506,947",52,179,231,,,
2017,CANUNDA POWER PTY LTD,Canunda Wind Farm,SA,"469,585","130,440",13,20,33,23,2,46
2017,CECEP WIND POWER AUSTRALIA HOLDING PTY LTD,White Rock Wind Farm Pty Ltd,NSW,"1,245,731","346,036",64,775,839,,,
2017,CULLERIN RANGE WIND FARM PTY LTD,Cullerin Range Wind Farm,NSW,"405,688","112,691",28,82,110,8,2.05,30
2017,CWF HOLDINGS PTY LTD,Collgar Wind Farm,WA,"2,575,799","715,500",388,590,978,111,2,222
2017,CWP RENEWABLES PTY LTD,Boco Rock Wind Farm Pty Ltd,NSW,"1,339,270","372,019",365,784,"1,149",,,
2017,ELECTRICITY GENERATION AND RETAIL CORPORATION,Albany Wind Farm,WA,"333,656","92,682",12,10,22,12,2.95,35.4
2017,ELECTRICITY GENERATION AND RETAIL CORPORATION,Denham Wind Farm,WA,"4,907","1,363",0,1,1,4,1.02,4
2017,ELECTRICITY GENERATION AND RETAIL CORPORATION,Esperance Wind Farm,WA,"56,803","15,779",1,5,6,9,0.225,2.025
2017,ELECTRICITY GENERATION AND RETAIL CORPORATION,Kalbarri Wind Farm,WA,"11,370","3,158",0,1,1,2,0.8,1.6
2017,ENERGYAUSTRALIA HOLDINGS LIMITED,Waterloo Wind Farm,SA,"329,504","91,529",6,29,35,43,43,131
2017,INFIGEN ENERGY LIMITED,Alinta Wind Farm,WA,"1,164,238","323,399",70,692,762,,,
2017,INFIGEN ENERGY LIMITED,Capital Wind Farm,NSW,"1,382,798","384,111",143,852,995,67,,140.7
2017,INFIGEN ENERGY LIMITED,"Lake Bonney Stage 1,2 & 3 Wind Farm",SA,"2,583,503","717,640",96,567,663,,,
2017,INFIGEN ENERGY LIMITED,Woodlawn Wind Farm,NSW,"566,343","157,318",39,226,265,23,,48.3
2017,KIATA WIND FARM HOLDINGS PTY LTD,Kiata Wind Farm Pty Ltd,VIC,"256,172","71,159",5,129,134,,,
2017,MERIDIAN ENERGY AUSTRALIA PTY LTD,Mt Mercer Wind farm Pty Ltd,VIC,"1,353,143","375,873",69,0,69,,,
2017,MERIDIAN ENERGY AUSTRALIA PTY LTD,Mt Millar Wind Farm Pty Ltd,SA,"695,306","193,141",54,0,54,,,
2017,MUMBIDA WIND FARM NO 1 HOLDINGS PTY LTD,Mumbida Wind Farm Pty Ltd,WA,"683,865","189,963",64,410,474,,,
2017,PALISADE WATERLOO HOLDINGS PTY LTD,Waterloo Wind Farm,SA,"1,103,275","306,465",97,173,270,43,43,131
2017,RATCH - AUSTRALIA CORPORATION LIMITED,Starfish Hill Wind Farm,SA,"350,856","97,460",31,44,75,22,22,35
2017,RATCH - AUSTRALIA CORPORATION LIMITED,Toora Wind Farm,VIC,"177,373","49,270",27,216,243,12,1.75,21
2017,RATCH - AUSTRALIA CORPORATION LIMITED,Windy Hill Wind Farm,QLD,"108,987","30,274",29,14,43,20,20,12
2017,REGIONAL WIND FARMS PTY LTD,Wonthaggi Wind Farm,VIC,"104,304","28,973",13,53,66,6,6,12
2017,SHENHUA CLEAN ENERGY HOLDINGS PTY LIMITED                                                           ,Musselroe Wind Farm Pty Ltd,TAS,"2,164,720","601,311",162,181,343,,,
2017,SHENHUA CLEAN ENERGY HOLDINGS PTY LIMITED                                                           ,Woolnorth Bluff point Wind Farm Pty Ltd,TAS,"897,716","249,366",87,26,113,,,
2017,SHENHUA CLEAN ENERGY HOLDINGS PTY LIMITED                                                           ,Woolnorth Studland Bay Wind Farm Pty Ltd,TAS,"1,038,241","288,400",80,29,109,,,
2017,SNOWTOWN SOUTH WIND FARM PTY. LTD.,SNOWTOWN SOUTH WIND FARM,SA,"1,657,221","460,339",69,120,189,,,
2017,SNOWTOWN WIND FARM PTY LTD,Snowtown Wind Farm,SA,"1,277,877","354,966",198,253,451,48,3,370.8
2017,SNOWTOWN WIND FARM STAGE 2 PTY. LTD.,SNOWTOWN WIND FARM STAGE 2,SA,"1,684,213","467,837",79,173,252,,,
2017,SPIC PACIFIC ENERGY PTY LTD,Challicum Hills Wind Farm ,VIC,"477,876","132,743",58,0,58,35,35,52.5
2017,SPIC PACIFIC ENERGY PTY LTD,Clements Gap Wind Farm ,SA,"680,546","189,041",120,0,120,27,27,57
2017,SPIC PACIFIC ENERGY PTY LTD,Codrington Wind Farm ,VIC,"156,907","43,585",23,0,23,14,14,18.2
2017,SPIC PACIFIC ENERGY PTY LTD,Crowlands Wind Farm,VIC,421,117,"1,086",0,"1,086",,,
2017,SPIC PACIFIC ENERGY PTY LTD,Portland Wind Farms ,VIC,"1,655,926","459,979",60,0,60,,,
2017,SPIC PACIFIC ENERGY PTY LTD,Taralga Wind Farm ,NSW,"1,084,847","301,346",91,0,91,21,3,106.8
2017,SPIC PACIFIC ENERGY PTY LTD,Yaloak South Wind Farm ,VIC,"129,067","35,852",164,0,164,,,
2017,SPIC PACIFIC ENERGY PTY LTD,Yambuk Wind Farm ,VIC,"326,561","90,711",37,0,37,98,98,195
2018,Acciona Energy Oceania Pty. Ltd.,Cathedral Rocks Wind Farm,SA,"632,284","175,634",39,213,252,33,33,66
2018,Acciona Energy Oceania Pty. Ltd.,Gunning Wind Farm,NSW,"592,807","164,669",44,195,239,31,1.5,46.5
2018,Acciona Energy Oceania Pty. Ltd.,Mt Gellibrand Wind Farm,VIC,"844,669","234,630",36,864,900,,,
2018,Acciona Energy Oceania Pty. Ltd.,Waubra Wind Farm,VIC,"2,261,159","628,100",92,901,993,128,1.5,192
2018,AGL Energy Limited,Hallett (Stage 1) Wind Farm,SA,"1,160,489","322,358",98,205,303,45,2.1,95
2018,AGL Energy Limited,Hallett (Stage 2) Wind Farm,SA,"942,452","261,792",75,150,225,34,2.1,71
2018,AGL Energy Limited,Hallett (Stage 4) Wind Farm,SA,"1,692,633","470,176",145,350,495,63,2.1,132
2018,AGL Energy Limited,Hallett (Stage 5) Wind Farm,SA,"567,813","157,726",62,173,235,25,2.1,52.5
2018,AGL Energy Limited,Macarthur Wind Farm,VIC,"3,837,422","1,065,951",451,"3,025","3,476",140,3,420
2018,AGL Energy Limited,Oaklands Hill Wind Farm,VIC,"676,822","188,006",79,628,707,32,2.1,67.2
2018,AGL Energy Limited,Silverton Wind Farm,NSW,"949,891","263,858",740,184,924,58,3.43,199
2018,AGL Energy Limited,Wattle Point Wind Farm,SA,"973,725","270,479",52,157,209,55,1.65,91
2018,APT Pipelines Limited,Badgingarra Wind Farm,WA,"829,490","230,414",96,236,332,37,3.6,133.2
2018,APT Pipelines Limited,Emu Downs Wind Farm,WA,"837,691","232,692",257,205,462,48,1.65,79.2
2018,Bald Hills WF Holdings Pty Ltd,Bald Hills Wind Farm Pty Ltd,VIC,"1,194,048","331,680",84,746,830,,,
2018,BEIJING JINGNENG CLEAN ENERGY (AUSTRALIA) HOLDING PTY LTD,New Gullen Range Wind Farm Pty Ltd,NSW,"1,684,985","468,051",93,150,243,,,
2018,CECEP WIND POWER AUSTRALIA HOLDING PTY LTD,White Rock Wind Farm Pty Ltd,NSW,"1,914,008","531,669",63,418,481,,,
2018,CK William Australia Holdings Pty Ltd,Cullerin Range Wind Farm,NSW,"378,098","105,027",21,85,106,8,2.05,30
2018,CK William Australia Holdings Pty Ltd,Wonthaggi Wind Farm,VIC,"105,209","29,225",4,51,55,6,6,12
2018,CWF Holdings Pty Ltd,Collgar Wind Farm,WA,"2,575,810","715,503",310,558,868,111,2,222
2018,CWP RENEWABLES PTY LTD,Boco Rock Wind Farm Pty Ltd,NSW,"1,352,497","375,693",15,797,812,,,
2018,Electricity Generation and Retail Corporation,Albany Wind Farm,WA,"110,693","30,748",12,1,13,12,2.95,35.4
2018,Electricity Generation and Retail Corporation,Denham Wind Farm,WA,"6,513","1,809",0,1,1,4,1.02,4
2018,Electricity Generation and Retail Corporation,Esperance Wind Farm,WA,"55,845","15,513",1,6,7,9,0.225,2.025
2018,Electricity Generation and Retail Corporation,Kalbarri Wind Farm,WA,"14,254","3,959",0,2,2,2,0.8,1.6
2018,GLOBAL POWER GENERATION AUSTRALIA PTY LTD,Crookwell 2 Wind farm,NSW,"647,812","179,948",308,189,497,,,
2018,Infigen Energy Limited,Alinta Wind Farm,WA,"1,259,669","349,908",77,565,642,,,
2018,Infigen Energy Limited,Bodangora Wind Farm,NSW,"362,610","100,725",53,90,143,33,3.43,113.2
2018,Infigen Energy Limited,Capital Wind Farm,NSW,"1,328,023","368,895",144,765,909,67,,140.7
2018,Infigen Energy Limited,"Lake Bonney Stage 1,2 & 3 Wind Farm",SA,"2,441,318","678,144",103,821,924,,,
2018,Infigen Energy Limited,Woodlawn Wind Farm,NSW,"546,193","151,720",46,178,224,23,,48.3
2018,International Power (Australia) Holdings Pty Limited,Canunda Wind Farm,SA,"474,347","131,763",13,101,114,23,2,46
2018,Kiata Wind Farm Holdings Pty Ltd,Kiata Wind Farm Pty Ltd,VIC,"474,210","131,725",7,165,172,,,
2018,Acciona Energy Oceania Pty. Ltd.,Cathedral Rocks Wind Farm,SA,"632,284","175,634",39,213,252,33,33,66
2018,Acciona Energy Oceania Pty. Ltd.,Gunning Wind Farm,NSW,"592,807","164,669",44,195,239,31,1.5,46.5
2018,Acciona Energy Oceania Pty. Ltd.,Mt Gellibrand Wind Farm,VIC,"844,669","234,630",36,864,900,,,
2018,Acciona Energy Oceania Pty. Ltd.,Waubra Wind Farm,VIC,"2,261,159","628,100",92,901,993,128,1.5,192
2018,AGL Energy Limited,Hallett (Stage 1) Wind Farm,SA,"1,160,489","322,358",98,205,303,45,2.1,95
2018,AGL Energy Limited,Hallett (Stage 2) Wind Farm,SA,"942,452","261,792",75,150,225,34,2.1,71
2018,AGL Energy Limited,Hallett (Stage 4) Wind Farm,SA,"1,692,633","470,176",145,350,495,63,2.1,132
2018,AGL Energy Limited,Hallett (Stage 5) Wind Farm,SA,"567,813","157,726",62,173,235,25,2.1,52.5
2018,AGL Energy Limited,Macarthur Wind Farm,VIC,"3,837,422","1,065,951",451,"3,025","3,476",140,3,420
2018,AGL Energy Limited,Oaklands Hill Wind Farm,VIC,"676,822","188,006",79,628,707,32,2.1,67.2
2018,AGL Energy Limited,Silverton Wind Farm,NSW,"949,891","263,858",740,184,924,58,3.43,199
2018,AGL Energy Limited,Wattle Point Wind Farm,SA,"973,725","270,479",52,157,209,55,1.65,91
2018,APT Pipelines Limited,Badgingarra Wind Farm,WA,"829,490","230,414",96,236,332,37,3.6,133.2
2018,APT Pipelines Limited,Emu Downs Wind Farm,WA,"837,691","232,692",257,205,462,48,1.65,79.2
2018,Bald Hills WF Holdings Pty Ltd,Bald Hills Wind Farm Pty Ltd,VIC,"1,194,048","331,680",84,746,830,,,
2018,BEIJING JINGNENG CLEAN ENERGY (AUSTRALIA) HOLDING PTY LTD,New Gullen Range Wind Farm Pty Ltd,NSW,"1,684,985","468,051",93,150,243,,,
2018,CECEP WIND POWER AUSTRALIA HOLDING PTY LTD,White Rock Wind Farm Pty Ltd,NSW,"1,914,008","531,669",63,418,481,,,
2018,CK William Australia Holdings Pty Ltd,Cullerin Range Wind Farm,NSW,"378,098","105,027",21,85,106,8,2.05,30
2018,CK William Australia Holdings Pty Ltd,Wonthaggi Wind Farm,VIC,"105,209","29,225",4,51,55,6,6,12
2018,CWF Holdings Pty Ltd,Collgar Wind Farm,WA,"2,575,810","715,503",310,558,868,111,2,222
2018,CWP RENEWABLES PTY LTD,Boco Rock Wind Farm Pty Ltd,NSW,"1,352,497","375,693",15,797,812,,,
2018,Electricity Generation and Retail Corporation,Albany Wind Farm,WA,"110,693","30,748",12,1,13,12,2.95,35.4
2018,Electricity Generation and Retail Corporation,Denham Wind Farm,WA,"6,513","1,809",0,1,1,4,1.02,4
2018,Electricity Generation and Retail Corporation,Esperance Wind Farm,WA,"55,845","15,513",1,6,7,9,0.225,2.025
2018,Electricity Generation and Retail Corporation,Kalbarri Wind Farm,WA,"14,254","3,959",0,2,2,2,0.8,1.6
2018,GLOBAL POWER GENERATION AUSTRALIA PTY LTD,Crookwell 2 Wind farm,NSW,"647,812","179,948",308,189,497,,,
2018,Infigen Energy Limited,Alinta Wind Farm,WA,"1,259,669","349,908",77,565,642,,,
2018,Infigen Energy Limited,Bodangora Wind Farm,NSW,"362,610","100,725",53,90,143,33,3.43,113.2
2018,Infigen Energy Limited,Capital Wind Farm,NSW,"1,328,023","368,895",144,765,909,67,,140.7
2018,Infigen Energy Limited,"Lake Bonney Stage 1,2 & 3 Wind Farm",SA,"2,441,318","678,144",103,821,924,,,
2018,Infigen Energy Limited,Woodlawn Wind Farm,NSW,"546,193","151,720",46,178,224,23,,48.3
2018,International Power (Australia) Holdings Pty Limited,Canunda Wind Farm,SA,"474,347","131,763",13,101,114,23,2,46
2018,Kiata Wind Farm Holdings Pty Ltd,Kiata Wind Farm Pty Ltd,VIC,"474,210","131,725",7,165,172,,,
2018,Meridian Energy Australia Pty Ltd,Mt Mercer Wind farm Pty Ltd,VIC,"1,320,264","366,740",165,0,165,,,
2018,Meridian Energy Australia Pty Ltd,Mt Millar Wind Farm Pty Ltd,SA,"640,853","178,015",63,0,63,,,
2018,Mumbida Wind Farm No 1 Holdings Pty Ltd,Mumbida Wind Farm Pty Ltd,WA,"722,672","200,742",72,328,400,,,
2018,PALISADE WATERLOO HOLDINGS PTY LTD,Waterloo Wind Farm,SA,"1,437,310","399,253",82,195,277,43,43,131
2018,RATCH - Australia Corporation Pty Ltd,Mount Emerald Wind farm Pty Ltd,QLD,"1,337,507","371,530","1,061",466,"1,527",,,
2018,RATCH - Australia Corporation Pty Ltd,Starfish Hill Wind Farm,SA,"368,505","102,363",32,46,78,22,22,35
2018,RATCH - Australia Corporation Pty Ltd,Toora Wind Farm,VIC,"172,633","47,954",11,254,265,12,1.75,21
2018,RATCH - Australia Corporation Pty Ltd,Windy Hill Wind Farm,QLD,"96,023","26,673",29,14,43,20,20,12
2018,SALT CREEK WIND FARM PTY LTD,Salt Creek Wind Farm,VIC,"622,227","172,841",33,285,318,,,
2018,SHENHUA CLEAN ENERGY HOLDINGS PTY LIMITED,Musselroe Wind Farm Pty LTd,TAS,"2,200,946","611,374",141,178,319,,,
2018,SHENHUA CLEAN ENERGY HOLDINGS PTY LIMITED,Woolnorth Bluff Point Wind Farm Pty Ltd,TAS,"900,721","250,200",83,30,113,,,
2018,SHENHUA CLEAN ENERGY HOLDINGS PTY LIMITED,Woolnorth Studland Bay Wind Farm Pty Ltd,TAS,"998,510","277,364",102,33,135,,,
2018,Snowtown South Wind Farm Pty. Ltd.,SNOWTOWN SOUTH WIND FARM,SA,"1,622,122","450,589",97,124,221,,,
2018,Snowtown Wind Farm Pty Ltd,Snowtown Wind Farm,SA,"1,281,722","356,034",159,243,402,48,3,370.8
2018,Snowtown Wind Farm Stage 2 Pty. Ltd.,SNOWTOWN WIND FARM STAGE 2,SA,"1,617,575","449,326",110,170,280,,,
2018,SPIC Pacific Energy Pty Ltd,Challicum Hills Wind Farm,VIC,"496,928","138,036",61,0,61,35,35,52.5
2018,SPIC Pacific Energy Pty Ltd,Clements Gap Wind Farm,SA,"644,432","179,009",92,0,92,27,27,57
2018,SPIC Pacific Energy Pty Ltd,Codrington Wind Farm,VIC,"158,709","44,086",28,0,28,14,14,18.2
2018,SPIC Pacific Energy Pty Ltd,Crowlands Wind Farm,VIC,"334,005","92,779","1,623",0,"1,623",,,
2018,SPIC Pacific Energy Pty Ltd,Portland Wind Farms,VIC,"1,719,293","477,582",72,0,72,,,
2018,SPIC Pacific Energy Pty Ltd,Taralga Wind Farm,NSW,"1,022,659","284,072",95,0,95,21,3,106.8
2018,SPIC Pacific Energy Pty Ltd,Yaloak South Wind Farm,VIC,"311,833","86,620",25,0,25,,,
2018,SPIC Pacific Energy Pty Ltd,Yambuk Wind Farm,VIC,"327,681","91,023",32,0,32,98,98,195
2019,ACCIONA ENERGY OCEANIA PTY LTD,Cathedral Rocks Wind Farm,SA,"555,151","154,209",50,95,145,33,33,66
2019,ACCIONA ENERGY OCEANIA PTY LTD,Gunning Wind Farm,NSW,"636,185","176,718",45,143,188,31,1.5,46.5
2019,ACCIONA ENERGY OCEANIA PTY LTD,Mt Gellibrand Wind Farm,VIC,"1,086,174","301,715",49,308,357,,,
2019,ACCIONA ENERGY OCEANIA PTY LTD,Waubra Wind Farm,VIC,"2,414,107","670,585",139,452,591,128,1.5,192
2019,AGL ENERGY LIMITED,Hallett (Stage 1) Wind Farm,SA,"1,058,072","293,909",85,195,280,45,2.1,95
2019,AGL ENERGY LIMITED,Hallett (Stage 2) Wind Farm,SA,"844,578","234,605",71,154,225,34,2.1,71
2019,AGL ENERGY LIMITED,Hallett (Stage 4) Wind Farm,SA,"1,539,619","427,672",152,320,472,63,2.1,132
2019,AGL ENERGY LIMITED,Hallett (Stage 5) Wind Farm,SA,"516,226","143,396",61,151,212,25,2.1,52.5
2019,AGL ENERGY LIMITED,Macarthur Wind Farm,VIC,"3,436,848","954,680","12,421","3,184","15,605",140,3,420
2019,AGL ENERGY LIMITED,Oaklands Hill Wind Farm,VIC,"716,825","199,118",73,481,554,32,2.1,67.2
2019,AGL ENERGY LIMITED,Silverton Wind Farm,NSW,"2,174,344","603,984",134,281,415,58,3.43,199
2019,AGL ENERGY LIMITED,Wattle Point Wind Farm,SA,"973,724","270,479",53,158,211,55,1.65,91
2019,APT PIPELINES LIMITED,Badgingarra Wind Farm,WA,"1,764,569","490,158",90,353,443,37,3.6,133.2
2019,APT PIPELINES LIMITED,Emu Downs Wind Farm,WA,"876,726","243,535",79,275,354,48,1.65,79.2
2019,BALD HILLS WF HOLDINGS PTY LTD,Bald Hills Wind Farm Pty Ltd,VIC,"1,183,663","328,795",92,648,740,,,
2019,BEIJING JINGNENG CLEAN ENERGY (AUSTRALIA) HOLDING PTY LTD,New Gullen Range Wind Farm Pty Ltd,NSW,"1,964,482","545,689",87,149,236,,,
2019,CECEP WIND POWER AUSTRALIA HOLDING PTY LTD,White Rock Wind Farm Pty Ltd,NSW,"1,505,668","418,241",89,241,330,,,
2019,CK WILLIAM AUSTRALIA HOLDINGS PTY LTD,Cullerin Range Wind Farm,NSW,"390,638","108,511",21,75,96,8,2.05,30
2019,CK WILLIAM AUSTRALIA HOLDINGS PTY LTD,Wonthaggi Wind Farm,VIC,"116,899","32,472",4,52,56,6,6,12
2019,CWF HOLDINGS PTY LTD,Collgar Wind Farm,WA,"2,465,782","684,939",214,778,992,111,2,222
2019,CWP RENEWABLES PTY LTD,Boco Rock Wind Farm Pty Ltd,NSW,"1,363,871","378,853",14,0,14,,,
2019,CWP RENEWABLES PTY LTD,Crudine Ridge Wind Farm,NSW,298,83,"1,392",0,"1,392",37,3.63,134.31
2019,DUNDONNELL WIND FARM PTY LTD,Dundonnell Wind Farm,VIC,"296,736","82,427","5,122",504,"5,626",80,4.2,336
2019,ELECTRICITY GENERATION AND RETAIL CORPORATION,Denham Wind Farm,WA,"7,979","2,216",0,1,1,4,1.02,4
2019,ELECTRICITY GENERATION AND RETAIL CORPORATION,Esperance Wind Farm,WA,"52,270","14,520",1,6,7,9,0.225,2.025
2019,ELECTRICITY GENERATION AND RETAIL CORPORATION,Kalbarri Wind Farm,WA,"10,712","2,975",0,4,4,2,0.8,1.6
2019,GLOBAL POWER GENERATION AUSTRALIA PTY LTD,Crookwell 2 Wind farm,NSW,"1,129,250","313,681",87,179,266,,,
2019,INFIGEN ENERGY LIMITED,Alinta Wind Farm,WA,"1,146,881","318,578",67,684,751,,,
2019,INFIGEN ENERGY LIMITED,Bodangora Wind Farm,NSW,"1,287,101","357,528",96,249,345,33,3.43,113.2
2019,INFIGEN ENERGY LIMITED,Capital Wind Farm,NSW,"1,501,318","417,033",143,804,947,67,,140.7
2019,INFIGEN ENERGY LIMITED,"Lake Bonney Stage 1,2 & 3 Wind Farm",SA,"2,341,615","650,448",103,975,"1,078",,,
2019,INFIGEN ENERGY LIMITED,Woodlawn Wind Farm,NSW,"616,066","171,129",47,163,210,23,,48.3
2019,INTERNATIONAL POWER (AUSTRALIA) HOLDINGS PTY LIMITED,Canunda Wind Farm,SA,"458,647","127,402",11,112,123,23,2,46
2019,INTERNATIONAL POWER (AUSTRALIA) HOLDINGS PTY LIMITED,Willogoleche Wind Farm,SA,"848,872","235,798",45,159,204,".mw-parser-output.plainlistol,.mw-parser-output.plainlistul{line-height:inherit;list-style:none;margin:0;padding:0}.mw-parser-output.plainlistolli,.mw-parser-output.plainlistulli{margin-bottom:0}24@3.83MW8@3.43MW",,119
2019,KIATA WIND FARM HOLDINGS PTY LTD,Kiata Wind Farm Pty Ltd,VIC,"466,389","129,552",6,197,203,,,
2019,LAL LAL WIND FARMS NOM CO PTY LIMITED,Lal Lal Wind Farm,VIC,"977,734","271,593",668,"1,190","1,858",60,3.8,228
2019,LINCOLN GAP OPERATIONS PTY LTD,Lincoln Gap Wind Farm Operations Pty Ltd,SA,"825,645","229,346",0,275,275,,,
2019,MERIDIAN ENERGY AUSTRALIA PTY LIMITED,Mt Mercer Wind farm Pty Ltd,VIC,"1,453,171","403,659",110,0,110,,,
2019,MERIDIAN ENERGY AUSTRALIA PTY LIMITED,Mt Millar Wind Farm Pty Ltd,SA,"559,964","155,546",90,0,90,,,
2019,MUMBIDA WIND FARM NO 1 HOLDINGS PTY LTD,Mumbida Wind Farm Pty Ltd,WA,"690,201","191,722",63,409,472,,,
2019,MURRA WARRA PROJECT CO PTY LTD,Murra Warra Wind Farm,VIC,"529,224","147,007",6,184,190,Stage161&Stage238,,434
2019,PALISADE GRANVILLE HARBOUR INVESTMENTS PTY LTD,Granville Harbour Wind Farm,TAS,"247,463","68,740","5,303",32,"5,335",31,3.6,112
2019,PALISADE WATERLOO HOLDINGS PTY LTD,Waterloo Wind Farm,SA,"1,336,674","371,298",136,232,368,43,43,131
2019,RATCH - AUSTRALIA CORPORATION PTY LTD,Mount Emerald Wind farm Pty Ltd,QLD,"1,490,409","414,003",47,"1,012","1,059",,,
2019,RATCH - AUSTRALIA CORPORATION PTY LTD,Starfish Hill Wind Farm,SA,"328,555","91,265",31,45,76,22,22,35
2019,RATCH - AUSTRALIA CORPORATION PTY LTD,Toora Wind Farm,VIC,"205,760","57,155",25,200,225,12,1.75,21
2019,RATCH - AUSTRALIA CORPORATION PTY LTD,Windy Hill Wind Farm,QLD,"85,623","23,784",27,10,37,20,20,12
2019,SALT CREEK WIND FARM PTY LTD,Salt Creek Wind Farm,VIC,"640,102","177,806",27,282,309,,,
2019,SHENHUA CLEAN ENERGY HOLDINGS PTY LIMITED,Musselroe Wind Farm Pty LTd,TAS,"2,384,856","662,460",143,131,274,,,
2019,SHENHUA CLEAN ENERGY HOLDINGS PTY LIMITED,Woolnorth Bluff Point Wind Farm Pty Ltd,TAS,"906,901","251,917",73,23,96,,,
2019,SHENHUA CLEAN ENERGY HOLDINGS PTY LIMITED,Woolnorth Studland Bay Wind Farm Pty Ltd,TAS,"1,037,445","288,179",98,26,124,,,
2019,SNOWTOWN SOUTH WIND FARM PTY. LTD.,SNOWTOWN SOUTH WIND FARM,SA,"1,526,254","423,960",72,140,212,,,
2019,SNOWTOWN WIND FARM PTY LTD,Snowtown Wind Farm,SA,"1,132,533","314,593",150,296,446,48,3,370.8
2019,SNOWTOWN WIND FARM STAGE 2 PTY. LTD.,SNOWTOWN WIND FARM STAGE 2,SA,"1,530,961","425,267",84,179,263,,,
2019,SPIC PACIFIC ENERGY PTY LTD,Challicum Hills Wind Farm,VIC,"507,961","141,100",39,0,39,35,35,52.5
2019,SPIC PACIFIC ENERGY PTY LTD,Clements Gap Wind Farm,SA,"595,361","165,378",53,0,53,27,27,57
2019,SPIC PACIFIC ENERGY PTY LTD,Codrington Wind Farm,VIC,"173,339","48,150",21,0,21,14,14,18.2
2019,SPIC PACIFIC ENERGY PTY LTD,Crowlands Wind Farm,VIC,"910,960","253,045",64,0,64,,,
2019,SPIC PACIFIC ENERGY PTY LTD,Portland Wind Farms,VIC,"1,563,397","434,277",92,0,92,,,
2019,SPIC PACIFIC ENERGY PTY LTD,Taralga Wind Farm,NSW,"1,156,139","321,150",90,0,90,21,3,106.8
2019,SPIC PACIFIC ENERGY PTY LTD,Yaloak South Wind Farm,VIC,"326,343","90,651",26,0,26,,,
2019,SPIC PACIFIC ENERGY PTY LTD,Yambuk Wind Farm,VIC,"351,243","97,568",27,0,27,98,98,195
2019,WILD CATTLE HILL PTY LTD,Wild Cattle Hill Wind Farm,TAS,"278,313","77,039",113,63,176,,,
2020,ACCIONA ENERGY OCEANIA PTY LTD,Cathedral Rocks Wind Farm,SA,"512,455","142,348",47,189,236,33,33,66
2020,ACCIONA ENERGY OCEANIA PTY LTD,Gunning Wind Farm,NSW,"575,522","159,867",48,246,294,31,1.5,46.5
2020,ACCIONA ENERGY OCEANIA PTY LTD,Mt Gellibrand Wind Farm,VIC,"1,018,498","282,916",60,907,967,,,
2020,ACCIONA ENERGY OCEANIA PTY LTD,Waubra Wind Farm,VIC,"2,339,624","649,896",158,869,"1,027",128,1.5,192
2020,AGL ENERGY LIMITED,Hallett (Stage 1) Wind Farm,SA,"1,062,039","295,011",125,168,293,45,2.1,95
2020,AGL ENERGY LIMITED,Hallett (Stage 2) Wind Farm,SA,"812,671","225,742",84,133,217,34,2.1,71
2020,AGL ENERGY LIMITED,Hallett (Stage 4) Wind Farm,SA,"1,506,996","418,610",191,309,500,63,2.1,132
2020,AGL ENERGY LIMITED,Hallett (Stage 5) Wind Farm,SA,"465,379","129,272",65,139,204,25,2.1,52.5
2020,AGL ENERGY LIMITED,Macarthur Wind Farm,VIC,"2,641,871","733,853","7,637","2,411","10,048",140,3,420
2020,AGL ENERGY LIMITED,Oaklands Hill Wind Farm,VIC,"630,310","175,086",63,469,532,32,2.1,67.2
2020,AGL ENERGY LIMITED,Silverton Wind Farm,NSW,"2,826,436","785,121",81,335,416,58,3.43,199
2020,AGL ENERGY LIMITED,Wattle Point Wind Farm,SA,"950,951","264,153",78,150,228,55,1.65,91
2020,APT PIPELINES LIMITED,Badgingarra Wind Farm,WA,"1,701,835","472,732",96,275,371,37,3.6,133.2
2020,APT PIPELINES LIMITED,Emu Downs Wind Farm,WA,"883,949","245,541",71,160,231,48,1.65,79.2
2020,BALD HILLS WF HOLDINGS PTY LTD,Bald Hills Wind Farm Pty Ltd,VIC,"1,228,860","341,350",97,673,770,,,
2020,BEI WWF PTY LTD,Warradarge Wind Farm,WA,"1,797,588","499,330",994,547,"1,541",51,3.6,183.6
2020,BEIJING JINGNENG CLEAN ENERGY (AUSTRALIA) HOLDING PTY LTD,New Gullen Range Wind Farm Pty Ltd,NSW,"1,818,406","505,113",55,442,497,,,
2020,CECEP WIND POWER AUSTRALIA HOLDING PTY LTD,White Rock Wind Farm Pty Ltd,NSW,"1,825,006","506,946",74,312,386,,,
2020,CK WILLIAM AUSTRALIA HOLDINGS PTY LTD,Cullerin Range Wind Farm,NSW,"250,956","69,710",17,91,108,8,2.05,30
2020,CK WILLIAM AUSTRALIA HOLDINGS PTY LTD,Wonthaggi Wind Farm,VIC,"81,626","22,674",4,47,51,6,6,12
2020,CWF HOLDINGS PTY LTD,Collgar Wind Farm,WA,"2,486,495","690,693",247,"1,346","1,593",111,2,222
2020,DUNDONNELL WIND FARM PTY LTD,Dundonnell Wind Farm,VIC,"2,930,100","813,917",243,484,727,80,4.2,336
2020,ELECTRICITY GENERATION AND RETAIL CORPORATION,Denham Wind Farm,WA,"5,243","1,456",0,0,0,4,1.02,4
2020,ELECTRICITY GENERATION AND RETAIL CORPORATION,Esperance Wind Farm,WA,"48,961","13,600",1,6,7,9,0.225,2.025
2020,ELECTRICITY GENERATION AND RETAIL CORPORATION,Kalbarri Wind Farm,WA,"7,503","2,084",0,8,8,2,0.8,1.6
2020,GLOBAL POWER GENERATION AUSTRALIA PTY LTD,Berrybank Wind farm,VIC,"559,543","155,429","2,233",556,"2,789",,,
2020,GLOBAL POWER GENERATION AUSTRALIA PTY LTD,Crookwell 2 Wind farm,NSW,"1,042,881","289,689",73,265,338,,,
2020,GRAND BARGAIN HOLDCO PTY LTD,Crudine Ridge Wind Farm,NSW,"299,199","83,111","2,799",246,"3,045",37,3.63,134.31
2020,GRAND BARGAIN HOLDCO PTY LTD,Bango Wind Farm,NSW,473,131,"2,688",533,"3,221",,,244
2020,GRAND BARGAIN HOLDCO PTY LTD,Boco Rock Wind Farm,NSW,"1,242,465","345,129",182,902,"1,084",67,1.7,113.9
2020,GRAND BARGAIN HOLDCO PTY LTD,Sapphire Wind Farm,NSW,"2,916,126","810,035",170,"1,619","1,789",75,3.6,270
2020,INFIGEN ENERGY LIMITED,Alinta Wind Farm,WA,"1,100,731","305,758",74,754,828,,,
2020,INFIGEN ENERGY LIMITED,Bodangora Wind Farm,NSW,"1,200,046","333,346",73,265,338,33,3.43,113.2
2020,INFIGEN ENERGY LIMITED,Capital Wind Farm,NSW,"1,278,218","355,061",152,907,"1,059",67,,140.7
2020,INFIGEN ENERGY LIMITED,"Lake Bonney Stage 1,2 & 3 Wind Farm",SA,"2,014,987","559,719",106,860,966,,,
2020,INFIGEN ENERGY LIMITED,Woodlawn Wind Farm,NSW,"516,482","143,467",43,350,393,23,,48.3
2020,INFIGEN ENERGY LIMITED,Cherry Tree Wind Farm,VIC,"707,960","196,655",61,394,455,16,3.6,57.6
2020,INTERNATIONAL POWER (AUSTRALIA) HOLDINGS PTY LIMITED,Canunda Wind Farm,SA,"399,905","111,085",14,119,133,23,2,46
2020,INTERNATIONAL POWER (AUSTRALIA) HOLDINGS PTY LIMITED,Willogoleche Wind Farm,SA,"1,251,140","347,539",63,197,260,".mw-parser-output.plainlistol,.mw-parser-output.plainlistul{line-height:inherit;list-style:none;margin:0;padding:0}.mw-parser-output.plainlistolli,.mw-parser-output.plainlistulli{margin-bottom:0}24@3.83MW8@3.43MW",,119
2020,KIATA WIND FARM HOLDINGS PTY LTD,Kiata Wind Farm Pty Ltd,VIC,"409,784","113,829",33,316,349,,,
2020,LAL LAL WIND FARMS NOM CO PTY LIMITED,Lal Lal Wind Farm,VIC,"1,989,633","552,676",37,"1,044","1,081",60,3.8,228
2020,LINCOLN GAP OPERATIONS PTY LTD,Lincoln Gap Wind Farm Operations Pty Ltd,SA,"1,582,585","439,607",0,320,320,,,
2020,MERIDIAN ENERGY AUSTRALIA PTY LIMITED,Mt Mercer Wind farm Pty Ltd,VIC,"1,299,911","361,086",50,0,50,,,
2020,MERIDIAN ENERGY AUSTRALIA PTY LIMITED,Mt Millar Wind Farm Pty Ltd,SA,"611,833","169,954",602,0,602,,,
2020,MOORABOOL WIND FARM (HOLDING) PTY LTD,Moorabool Wind Farm Pty Ltd,VIC,"249,956","69,432",64,"68,044","68,108",,,
2020,MUMBIDA WIND FARM NO 1 HOLDINGS PTY LTD,Mumbida Wind Farm Pty Ltd,WA,"720,925","200,257",34,730,764,,,
2020,MURRA WARRA PROJECT CO PTY LTD,Murra Warra Wind Farm,VIC,"2,632,275","731,187",52,509,561,Stage161&Stage238,,434
2020,PALISADE GRANVILLE HARBOUR INVESTMENTS PTY LTD,Granville Harbour Wind Farm,TAS,"1,222,624","339,618",283,210,493,31,3.6,112
2020,PALISADE WATERLOO HOLDINGS PTY LTD,Waterloo Wind Farm,SA,"1,207,301","335,361",36,216,252,43,43,131
2020,PIONEER SAIL HOLDINGS PTY LIMITED,Yandin Wind Farm,WA,"2,122,948","589,708",162,598,760,,,
2020,RATCH - AUSTRALIA CORPORATION PTY LTD,Starfish Hill Wind Farm,SA,"314,443","87,345",30,59,89,22,22,35
2020,RATCH - AUSTRALIA CORPORATION PTY LTD,Toora Wind Farm,VIC,"201,431","55,953",24,191,215,12,1.75,21
2020,RATCH - AUSTRALIA CORPORATION PTY LTD,Windy Hill Wind Farm,QLD,"83,282","23,134",21,23,44,20,20,12
2020,RATCH - AUSTRALIA CORPORATION PTY LTD,Collector Wind Farm,NSW,"147,033","40,842",0,196,196,,,
2020,RATCH - AUSTRALIA CORPORATION PTY LTD,Mount Emerald Wind Farm,QLD,"1,203,412","334,281",49,"2,627","2,676",16,3.45,180.5
2020,SALT CREEK WIND FARM PTY LTD,Salt Creek Wind Farm,VIC,"563,282","156,467",45,271,316,,,
2020,SHENHUA CLEAN ENERGY HOLDINGS PTY LIMITED,Musselroe Wind Farm Pty Ltd,TAS,"2,004,174","556,715",155,233,388,,,
2020,SHENHUA CLEAN ENERGY HOLDINGS PTY LIMITED,Woolnorth Bluff point Wind Farm Pty Ltd,TAS,"751,316","208,699",189,33,222,,,
2020,SHENHUA CLEAN ENERGY HOLDINGS PTY LIMITED,Woolnorth Studland Bay Wind Farm Pty Ltd,TAS,"949,900","263,861",102,38,140,,,
2020,SNOWTOWN WIND FARM PTY LTD,Snowtown Wind Farm,SA,"1,132,533","314,593",147,289,436,48,3,370.8
2020,SPIC PACIFIC ENERGY PTY LTD,Challicum Hills Wind Farm,VIC,"491,213","136,448",31,201,232,35,35,52.5
2020,SPIC PACIFIC ENERGY PTY LTD,Clements Gap Wind Farm,SA,"601,498","167,083",58,173,231,27,27,57
2020,SPIC PACIFIC ENERGY PTY LTD,Codrington Wind Farm,VIC,"149,815","41,615",23,57,80,14,14,18.2
2020,SPIC PACIFIC ENERGY PTY LTD,Crowlands Wind Farm,VIC,"986,028","273,897",51,350,401,,,
2020,SPIC PACIFIC ENERGY PTY LTD,Portland Wind Farms,VIC,"1,651,355","458,710",85,224,309,,,
2020,SPIC PACIFIC ENERGY PTY LTD,Taralga Wind Farm,NSW,"1,050,209","291,725",87,422,509,21,3,106.8
2020,SPIC PACIFIC ENERGY PTY LTD,Yaloak South Wind Farm,VIC,"288,023","80,006",21,70,91,,,
2020,SPIC PACIFIC ENERGY PTY LTD,Yambuk Wind Farm,VIC,"330,634","91,843",28,199,227,98,98,195
2020,TINSEL BIDCO PTY LTD,Snowtown South Wind Farm Pty Ltd,SA,"1,486,380","412,883",65,100,165,,,
2020,TINSEL BIDCO PTY LTD,Snowtown Wind Farm Stage 2 Pty Ltd,SA,"1,527,040","424,178",76,143,219,,,
2020,WILD CATTLE HILL PTY LTD,Wild Cattle Hill Wind Farm,TAS,"1,562,847","434,124",64,175,239,,,
2021,ACCIONA ENERGY OCEANIA PTY LTD,Cathedral Rocks Wind Farm,SA,"521,625","144,896",56,156,212,33,33,66
2021,ACCIONA ENERGY OCEANIA PTY LTD,Gunning Wind Farm,NSW,"568,252","157,848",54,199,253,31,1.5,46.5
2021,ACCIONA ENERGY OCEANIA PTY LTD,Mt Gellibrand Wind Farm,VIC,"1,053,711","292,697",81,726,807,,,
2021,ACCIONA ENERGY OCEANIA PTY LTD,Waubra Wind Farm,VIC,"2,339,624","649,896",172,851,"1,023",128,1.5,192
2021,AGL ENERGY LIMITED,Hallett (Stage 1) Wind Farm,SA,"1,099,253","305,348",109,180,289,45,2.1,95
2021,AGL ENERGY LIMITED,Hallett (Stage 2) Wind Farm,SA,"818,187","227,274",76,124,200,34,2.1,71
2021,AGL ENERGY LIMITED,Hallett (Stage 4) Wind Farm,SA,"1,513,897","420,527",161,255,416,63,2.1,132
2021,AGL ENERGY LIMITED,Hallett (Stage 5) Wind Farm,SA,"485,471","134,853",64,129,193,25,2.1,52.5
2021,AGL ENERGY LIMITED,Macarthur Wind Farm,VIC,"2,937,197","815,888","5,169","2,128","7,297",140,3,420
2021,AGL ENERGY LIMITED,Oaklands Hill Wind Farm,VIC,"674,438","187,344",65,379,444,32,2.1,67.2
2021,AGL ENERGY LIMITED,Silverton Wind Farm,NSW,"2,523,865","701,074",75,572,647,58,3.43,199
2021,AGL ENERGY LIMITED,Wattle Point Wind Farm,SA,"993,013","275,837",89,85,174,55,1.65,91
2021,APA INFRASTRUCTURE LIMITED,Badgingarra Wind Farm,WA,"1,912,816","531,338",28,273,301,37,3.6,133.2
2021,APA INFRASTRUCTURE LIMITED,Emu Downs Wind Farm,WA,"851,726","236,591",45,153,198,48,1.65,79.2
2021,ARET PLATFORM PTY LIMITED,Willogoleche Wind Farm,SA,"1,368,408","380,113",59,175,234,".mw-parser-output.plainlistol,.mw-parser-output.plainlistul{line-height:inherit;list-style:none;margin:0;padding:0}.mw-parser-output.plainlistolli,.mw-parser-output.plainlistulli{margin-bottom:0}24@3.83MW8@3.43MW",,119
2021,BALD HILLS WF HOLDINGS PTY LTD,Bald Hills Wind Farm Pty Ltd,VIC,"1,309,240","363,678",83,610,693,,,
2021,BEI WWF PTY LTD,Warradarge Wind Farm,WA,"2,402,008","667,225",250,464,714,51,3.6,183.6
2021,BEIJING JINGNENG CLEAN ENERGY (AUSTRALIA) HOLDING PTY LTD,New Gullen Range Wind Farm Pty Ltd,NSW,"1,781,437","494,844",58,320,378,,,
2021,CECEP WIND POWER AUSTRALIA HOLDING PTY LTD,White Rock Wind Farm Pty Ltd,NSW,"1,914,875","531,910",64,352,416,,,
2021,CHERRY TREE HOLD CO PTY LTD,Cherry Tree Wind Farm Pty Ltd,VIC,"620,959","172,488",44,398,442,,,
2021,CK WILLIAM AUSTRALIA HOLDINGS PTY LTD,Cullerin Range Wind Farm,NSW,"348,543","96,817",14,73,87,8,2.05,30
2021,CK WILLIAM AUSTRALIA HOLDINGS PTY LTD,Wonthaggi Wind Farm,VIC,"100,860","28,017",4,43,47,6,6,12
2021,CWF HOLDINGS PTY LTD,Collgar Wind Farm,WA,"2,510,318","697,310",226,"1,610","1,836",111,2,222
2021,DUNDONNELL WIND FARM PTY LTD,Dundonnell Wind Farm,VIC,"3,974,313","1,103,976",198,"1,487","1,685",80,4.2,336
2021,ELECTRICITY GENERATION AND RETAIL CORPORATION,Esperance Wind Farm,WA,"15,119","4,200",1,11,12,9,0.225,2.025
2021,ELECTRICITY GENERATION AND RETAIL CORPORATION,Kalbarri Wind Farm,WA,"4,990","1,386",0,20,20,2,0.8,1.6
2021,FERGUSON HOLDCO PTY LTD,Ferguson Wind Farm,VIC,"169,144","46,984",0,54,54,,,
2021,GLOBAL POWER GENERATION AUSTRALIA PTY LTD,Berrybank Wind farm,VIC,"2,187,955","607,765",121,579,700,,,
2021,GLOBAL POWER GENERATION AUSTRALIA PTY LTD,Crookwell 2 Wind farm,NSW,"1,067,788","296,608",64,186,250,,,
2021,GRAND BARGAIN HOLDCO PTY LTD,Bango Wind Farm,NSW,"506,908","140,808",106,667,773,,,244
2021,GRAND BARGAIN HOLDCO PTY LTD,Boco Rock Wind Farm,NSW,"1,096,272","304,520",118,765,883,67,1.7,113.9
2021,GRAND BARGAIN HOLDCO PTY LTD,Crudine Ridge Wind Farm,NSW,"1,402,115","389,476",77,334,411,37,3.63,134.31
2021,GRAND BARGAIN HOLDCO PTY LTD,Sapphire Wind Farm,NSW,"3,138,865","871,907",167,"1,597","1,764",75,3.6,270
2021,IBERDROLA AUSTRALIA LIMITED,Alinta Wind Farm,WA,"1,116,984","310,273",77,737,814,,,
2021,IBERDROLA AUSTRALIA LIMITED,Bodangora Wind Farm,NSW,"1,306,190","362,831",74,388,462,33,3.43,113.2
2021,IBERDROLA AUSTRALIA LIMITED,Capital Wind Farm,NSW,"1,331,629","369,897",160,779,939,67,,140.7
2021,IBERDROLA AUSTRALIA LIMITED,"Lake Bonney Stage 1,2 & 3 Wind Farm",SA,"2,210,447","614,013",99,533,632,,,
2021,IBERDROLA AUSTRALIA LIMITED,Woodlawn Wind Farm,NSW,"557,721","154,922",47,294,341,23,,48.3
2021,INTERNATIONAL POWER (AUSTRALIA) HOLDINGS PTY LIMITED,Canunda Wind Farm,SA,"423,211","117,559",14,103,117,23,2,46
2021,KIATA WIND FARM HOLDINGS PTY LTD,Kiata Wind Farm Pty Ltd,VIC,"458,297","127,305",47,269,316,,,
2021,LAL LAL WIND FARMS NOM CO PTY LIMITED,Lal Lal Wind Farm,VIC,"1,739,477","483,188",115,"1,346","1,461",60,3.8,228
2021,LINCOLN GAP OPERATIONS PTY LTD,Lincoln Gap Wind Farm Operations Pty Ltd,SA,"1,949,868","541,630",0,"6,532","6,532",,,
2021,MAROONA WIND FARM PTY LTD,Maroona Wind Farm,VIC,"107,647","29,902",0,25,25,,,
2021,MOORABOOL WIND FARM (HOLDING) PTY LTD,Moorabool Wind Farm Pty Ltd,VIC,"777,359","215,933",38,701,739,,,
2021,MUMBIDA WIND FARM NO 1 HOLDINGS PTY LTD,Mumbida Wind Farm Pty Ltd,WA,"740,004","205,557",32,357,389,,,
2021,MURRA WARRA PROJECT CO PTY LTD,Murra Warra Wind Farm,VIC,"2,134,098","592,805",46,357,403,Stage161&Stage238,,434
2021,PALISADE GRANVILLE HARBOUR INVESTMENTS PTY LTD,Granville Harbour Wind Farm,TAS,"1,380,448","383,458",74,115,189,31,3.6,112
2021,PALISADE WATERLOO HOLDINGS PTY LTD,Waterloo Wind Farm,SA,"1,330,014","369,448",32,174,206,43,43,131
2021,PEAK RENEWABLES HOLDINGS PTY LTD,Mt Mercer Wind farm Pty Ltd,VIC,"1,143,267","317,574",65,0,65,,,
2021,PEAK RENEWABLES HOLDINGS PTY LTD,Mt Millar Wind Farm Pty Ltd,SA,"584,888","162,469",93,0,93,,,
2021,PIONEER SAIL HOLDINGS PTY LIMITED,Yandin Wind Farm,WA,"2,992,010","831,114",172,583,755,,,
2021,RATCH - AUSTRALIA CORPORATION PTY LTD,Collector Wind Farm,NSW,"1,981,866","550,518",10,"1,376","1,386",,,
2021,RATCH - AUSTRALIA CORPORATION PTY LTD,Mount Emerald Wind Farm,QLD,"1,508,814","419,115",43,"1,493","1,536",16,3.45,180.5
2021,RATCH - AUSTRALIA CORPORATION PTY LTD,Starfish Hill Wind Farm,SA,"346,467","96,241",21,36,57,22,22,35
2021,RATCH - AUSTRALIA CORPORATION PTY LTD,Toora Wind Farm,VIC,"209,337","58,149",21,238,259,12,1.75,21
2021,RATCH - AUSTRALIA CORPORATION PTY LTD,Windy Hill Wind Farm,QLD,"69,244","19,235",14,24,38,20,20,12
2021,SALT CREEK WIND FARM PTY LTD,Salt Creek Wind Farm,VIC,"555,160","154,211",51,341,392,,,
2021,SHENHUA CLEAN ENERGY HOLDINGS PTY LIMITED,Musselroe Wind Farm Pty Ltd,TAS,"2,031,329","564,258",168,182,350,,,
2021,SHENHUA CLEAN ENERGY HOLDINGS PTY LIMITED,Woolnorth Bluff point Wind Farm Pty Ltd,TAS,"524,176","145,604",859,32,891,,,
2021,SHENHUA CLEAN ENERGY HOLDINGS PTY LIMITED,Woolnorth Studland Bay Wind Farm Pty Ltd,TAS,"908,478","252,355",108,35,143,,,
2021,SNOWTOWN WIND FARM PTY LTD,Snowtown Wind Farm,SA,"1,143,882","317,745",125,253,378,48,3,370.8
2021,SPIC PACIFIC ENERGY PTY LTD,Challicum Hills Wind Farm,VIC,"503,193","139,776",67,165,232,35,35,52.5
2021,SPIC PACIFIC ENERGY PTY LTD,Clements Gap Wind Farm,SA,"639,585","177,662",36,164,200,27,27,57
2021,SPIC PACIFIC ENERGY PTY LTD,Codrington Wind Farm,VIC,"161,895","44,971",36,56,92,14,14,18.2
2021,SPIC PACIFIC ENERGY PTY LTD,Crowlands Wind Farm,VIC,"986,243","273,956",56,525,581,,,
2021,SPIC PACIFIC ENERGY PTY LTD,Portland Wind Farms,VIC,"1,773,990","492,775",111,211,322,,,
2021,SPIC PACIFIC ENERGY PTY LTD,Taralga Wind Farm,NSW,"1,073,163","298,101",44,251,295,21,3,106.8
2021,SPIC PACIFIC ENERGY PTY LTD,Yaloak South Wind Farm,VIC,"299,768","83,269",23,68,91,,,
2021,SPIC PACIFIC ENERGY PTY LTD,Yambuk Wind Farm,VIC,"335,200","93,111",33,147,180,98,98,195
2021,STOCKYARD HILL WIND FARM (HOLDING) PTY LTD,Stockyard Wind Farm,VIC,"3,344,044","928,901",152,"3,477","3,629",,,
2021,TINSEL BIDCO PTY LTD,Snowtown South Wind Farm Pty Ltd,SA,"1,577,664","438,240",45,84,129,,,
2021,TINSEL BIDCO PTY LTD,Snowtown Wind Farm Stage 2 Pty Ltd,SA,"1,615,095","448,638",52,122,174,,,
2021,WILD CATTLE HILL PTY LTD,Wild Cattle Hill Wind Farm,TAS,"1,559,506","433,196",64,189,253,,,
